SampleID,Year,Lake,Habitat,Site,Depth,Week,Date,Type,Taxon,Trophic,Length,Weight,Tissue,GutID,FishID,d15N,d13C,dD,AnalyzedForBatt2012,NotesF-0976,2010,Ward,All,B,NA,1,26-May-10,Fish,CMM,2,63,2.6,Whole,G-0699,NA,3.78,-26.45,-154.5,No,F-0977,2010,Ward,All,B,NA,1,26-May-10,Fish,CMM,2,73,3,Whole,G-0700,NA,6.12,-29.69,-146.7,No,F-0978,2010,Ward,All,B,NA,1,26-May-10,Fish,FHM,2,72,5.2,Whole,G-0701,NA,3.86,-31.94,-193.1,No,F-0979,2010,Ward,All,B,NA,1,27-May-10,Fish,FHM,2,NA,NA,Whole,NA,NA,4.8,-31.66,-176.7,Yes,F-0981,2010,Ward,All,B,NA,1,26-May-10,Fish,DAC,2,66,3.8,Whole,G-0704,NA,3.59,-31.05,-199.2,No,F-0991,2010,Ward,All,C,NA,1,27-May-10,Fish,FHM,2,NA,NA,Whole,NA,NA,5,-33.37,-187.9,Yes,F-0992,2010,Ward,All,C,NA,1,26-May-10,Fish,FHM,2,71,5.1,Whole,G-0715,NA,4.02,-30.96,-195.9,No,F-0994,2010,Ward,All,E,NA,1,27-May-10,Fish,FHM,2,NA,NA,Whole,NA,NA,4.39,-28.63,-186.1,Yes,F-0996,2010,Ward,All,E,NA,1,26-May-10,Fish,FHM,2,75,6.3,Whole,G-0719,NA,4.08,-32.92,-193.3,No,F-0999,2010,Ward,All,A,NA,1,26-May-10,Fish,FHM,2,75,5.9,Whole,G-0722,NA,5.18,-33.25,-191.9,No,F-1003,2010,Ward,All,A,NA,1,26-May-10,Fish,DAC,2,56,2.1,Whole,G-0726,NA,5.12,-27.46,-182.9,No,F-1009,2010,Ward,All,D,NA,1,26-May-10,Fish,DAC,2,60,2.6,Whole,G-0732,NA,3.82,-32.89,-184.9,No,F-1011,2010,Ward,All,D,NA,1,26-May-10,Fish,FHM,2,75,5.6,Whole,G-0734,NA,4.24,-32.94,-196.7,No,F-1012,2010,Ward,All,D,NA,1,26-May-10,Fish,FHM,2,76,5.5,Whole,G-0735,NA,4.09,-32.26,-192.4,No,F-1013,2010,Ward,All,D,NA,1,26-May-10,Fish,DAC,2,82,6.5,Whole,G-0736,NA,3.98,-25.22,-167.6,No,F-1016,2010,Ward,All,D,NA,1,26-May-10,Fish,DAC,2,55,2,Whole,G-0739,NA,4.99,-27.73,-175.3,NoF-1018,2010,Ward,All,D,NA,1,26-May-10,Fish,DAC,2,54,1.8,Whole,G-0741,NA,5.47,-28.4,-171.6,NoF-1022,2010,Ward,All,A,NA,2,24-Jun-10,Fish,YWP,3,NA,NA,Whole,NA,NA,5.94,-31.4,-175.7,YesF-1023,2010,Ward,All,A,NA,2,24-Jun-10,Fish,PKS,2,NA,NA,Whole,NA,NA,5.87,-31.75,-159.1,YesF-1025,2010,Ward,All,B,NA,2,24-Jun-10,Fish,DAC,2,66,2.849,Whole,G-0748,NA,3.58,-25.55,-168.8,NoF-1026,2010,Ward,All,B,NA,2,24-Jun-10,Fish,DAC,2,67,2.776,Whole,G-0749,NA,3.42,-24.52,-177,NoF-1027,2010,Ward,All,B,NA,2,24-Jun-10,Fish,FHM,2,NA,NA,Whole,NA,NA,3.1,-31.51,-191.4,YesF-1029,2010,Ward,All,C,NA,2,24-Jun-10,Fish,PKS,2,NA,NA,Whole,NA,NA,6.04,-30.61,-164.3,YesF-1030,2010,Ward,All,C,NA,2,24-Jun-10,Fish,PKS,2,NA,NA,Whole,NA,NA,7.26,-30.94,-150.2,YesF-1032,2010,Ward,All,D,NA,2,24-Jun-10,Fish,FHM,2,NA,NA,Whole,NA,NA,3.88,-30.75,-189.6,YesF-1034,2010,Ward,All,D,NA,2,24-Jun-10,Fish,DAC,2,56,1.584,Whole,G-0783,NA,5.28,-28.97,-181.7,NoF-1035,2010,Ward,All,E,NA,2,24-Jun-10,Fish,DAC,2,61,3.802,Whole,G-0758,NA,3.73,-31.87,-190.7,NoF-1036,2010,Ward,All,E,NA,2,24-Jun-10,Fish,DAC,2,66,2.597,Whole,G-0759,NA,4.32,-30.51,-192.2,NoF-1037,2010,Ward,All,E,NA,2,24-Jun-10,Fish,DAC,2,58,1.975,Whole,G-0760,NA,4.6,-28.31,-188.1,NoF-1038,2010,Ward,All,E,NA,2,24-Jun-10,Fish,FHM,2,NA,NA,Whole,NA,NA,3.86,-29.48,-171.1,YesF-1040,2010,Ward,All,X,NA,2,24-Jun-10,Fish,YWP,3,NA,NA,Whole,NA,NA,5.74,-29.85,-177.1,YesF-1041,2010,Ward,All,X,NA,2,24-Jun-10,Fish,YWP,3,NA,NA,Whole,NA,NA,6.19,-28.77,-147,YesF-1042,2010,Ward,All,A,NA,3,21-Jul-10,Fish,CMM,2,59,2.196,Whole,G-0745,NA,6.16,-35.15,-151.8,NoF-1043,2010,Ward,All,A,NA,3,21-Jul-10,Fish,CMM,2,77,5.148,Whole,G-0746,NA,6.12,-29.88,-142.7,NoF-1044,2010,Ward,All,A,NA,3,21-Jul-10,Fish,CMM,2,69,4.218,Whole,G-0767,NA,6.2,-29.68,-158.9,NoF-1045,2010,Ward,All,E,NA,3,21-Jul-10,Fish,CMM,2,59,2.3,Whole,G-0802,NA,6.47,-33.69,-167.2,NoF-1046,2010,Ward,All,E,NA,3,21-Jul-10,Fish,CMM,2,64,3.1,Whole,G-0803,NA,6.52,-30.78,-143.1,NoF-1054,2010,Ward,All,X,NA,3,21-Jul-10,Fish,BHD2,3,180,70.85,Whole,G-0777,NA,6.39,-31.29,-169.8,NoF-1055,2010,Ward,All,B,NA,3,22-Jul-10,Fish,CMM,3,93,10.65,Whole,G-0787,NA,5.95,-30.73,-161.4,NoF-1064,2010,Ward,All,B,NA,4,18-Aug-10,Fish,YWP,3,NA,NA,Whole,NA,NA,6,-30.56,-160.1,YesF-1065,2010,Ward,All,B,NA,4,18-Aug-10,Fish,BHD1,2,64,4,Whole,G-0779,NA,3.95,-26.97,-159.1,NoF-1066,2010,Ward,All,B,NA,4,18-Aug-10,Fish,PKS,2,NA,NA,Whole,NA,NA,4.05,-27.76,-170.1,YesF-1071,2010,Ward,All,B,NA,4,18-Aug-10,Fish,BHD1,2,60,3,Whole,G-0794,NA,4.09,-27.21,-156.6,NoF-1072,2010,Ward,All,B,NA,4,18-Aug-10,Fish,BHD1,2,51,1.9,Whole,G-0795,NA,4.31,-28.69,-168,NoF-1073,2010,Ward,All,B,NA,4,18-Aug-10,Fish,BHD1,2,55,2.3,Whole,G-0796,NA,4.14,-27.99,-165.9,NoF-1074,2010,Ward,All,B,NA,4,18-Aug-10,Fish,BHD1,2,52,2.2,Whole,G-0797,NA,4.25,-29.08,-180.5,NoF-1075,2010,Ward,All,C,NA,4,18-Aug-10,Fish,YWP,3,NA,NA,Whole,NA,NA,4.68,-26.49,-156.2,YesF-1076,2010,Ward,All,C,NA,4,18-Aug-10,Fish,PKS,2,NA,NA,Whole,NA,NA,4.72,-28.28,-160,YesF-1079,2010,Ward,All,E,NA,4,18-Aug-10,Fish,YWP,3,NA,NA,Whole,NA,NA,5.06,-27.55,-161,YesF-1080,2010,Ward,All,E,NA,4,18-Aug-10,Fish,PKS,2,NA,NA,Whole,NA,NA,5.8,-30.7,-160.6,YesF-1081,2010,Ward,All,E,NA,4,18-Aug-10,Fish,BHD1,2,61,3.1,Whole,G-0804,NA,3.85,-27.86,-169,NoF-1083,2010,Ward,All,X,NA,4,18-Aug-10,Fish,CMM,2,86,6.8,Whole,G-0771,NA,7.47,-30.41,-134.4,NoF-1084,2010,Ward,All,X,NA,4,18-Aug-10,Fish,BHD1,2,63,3.8,Whole,G-0744,NA,3.84,-27.46,-158.4,NoF-1095,2012,Ward,All,C,NA,2,20-Jun-12,Fish,DAC,2,57,1.7,Whole,NA,NA,5.77,-29.03,-184.5,NoF-1123,2012,Ward,All,C,NA,2,20-Jun-12,Fish,FHM,2,81,6.3,Whole,NA,NA,2.75,-33.61,-207.4,NoF-1124,2012,Ward,All,C,NA,2,20-Jun-12,Fish,FHM,2,NA,NA,Guts,NA,F-1123,2.2,-36.71,-245.3,NoF-1131,2012,Ward,All,C,NA,2,20-Jun-12,Fish,CMM,2,57,1.9,Whole,NA,NA,5.28,-33.51,-179.2,NoF-1133,2012,Ward,All,C,NA,2,20-Jun-12,Fish,BHD2,3,95,12.8,Whole,NA,NA,4.7,-32.21,-170.1,NoF-1143,2012,Ward,All,B,NA,2,20-Jun-12,Fish,DAC,2,47,1.1,Whole,NA,NA,5.57,-31.16,-168.6,NoF-1161,2012,Ward,All,B,NA,2,20-Jun-12,Fish,CMM,2,53,1.6,Whole,NA,NA,5.37,-34.04,-155,NoF-1163,2012,Ward,All,B,NA,2,20-Jun-12,Fish,DAC,2,57,1.7,Whole,NA,NA,6.13,-30.44,-162.8,NoF-1173,2012,Ward,All,B,NA,2,20-Jun-12,Fish,DAC,2,49,1,Whole,NA,NA,6.2,-34.03,-191.5,NoF-1177,2012,Ward,All,B,NA,2,20-Jun-12,Fish,BHD2,3,104,13.1,Whole,NA,NA,5.34,-31.83,-153.1,NoF-1185,2012,Ward,All,C,NA,2,20-Jun-12,Fish,CMM,2,63,2.6,Whole,NA,NA,4.96,-32.66,-172.5,NoF-1189,2012,Ward,All,A,NA,2,20-Jun-12,Fish,CMM,2,87,5.5,Whole,NA,NA,5.06,-30.24,-126.6,NoF-1205,2012,Ward,All,A,NA,2,20-Jun-12,Fish,FHM,2,82,7.3,Whole,NA,NA,4.88,-32.19,-193.5,NoF-1206,2012,Ward,All,A,NA,2,20-Jun-12,Fish,FHM,2,NA,NA,Guts,NA,F-1205,5.1,-32.83,-205.7,NoF-1209,2012,Ward,All,A,NA,2,20-Jun-12,Fish,CMM,2,87,7.2,Whole,NA,NA,4.97,-29.47,-161.7,NoF-1229,2012,Ward,All,A,NA,2,20-Jun-12,Fish,FHM,2,87,7,Whole,NA,NA,5.63,-32.24,-175.3,NoF-1233,2012,Ward,All,B,NA,2,20-Jun-12,Fish,PKS,2,81,10.9,Whole,NA,NA,4.92,-33.65,-189.9,NoF-1240,2012,Ward,All,A,NA,3,17-Jul-12,Fish,BHD2,3,126,23,Whole,NA,NA,5.21,-24.56,-160.9,NoF-1242,2012,Ward,All,A,NA,3,17-Jul-12,Fish,BHD2,3,140,35.4,Whole,NA,NA,5.33,-26.12,-154.5,NoF-1244,2012,Ward,All,A,NA,3,17-Jul-12,Fish,BHD2,3,147,35.1,Whole,NA,NA,6.21,-30.39,-156,NoF-1246,2012,Ward,All,A,NA,3,17-Jul-12,Fish,CMM,3,94,8.8,Whole,NA,NA,5.62,-31.85,-164.6,NoF-1260,2012,Ward,All,B,NA,3,17-Jul-12,Fish,DAC,2,59,1.6,Whole,NA,NA,6.2,-30.48,-161.7,NoF-1262,2012,Ward,All,B,NA,3,17-Jul-12,Fish,DAC,2,58,1.8,Whole,NA,NA,5.75,-29.62,-163.1,NoF-1268,2012,Ward,All,C,NA,3,17-Jul-12,Fish,FHM,2,49,1.1,Whole,NA,NA,3.83,-35.34,-188.9,NoF-1270,2012,Ward,All,C,NA,3,17-Jul-12,Fish,FHM,2,49,1,Whole,NA,NA,3.32,-33.49,-166.9,NoF-1272,2012,Ward,All,C,NA,3,17-Jul-12,Fish,FHM,2,81,5.7,Whole,NA,NA,3.87,-35.16,-188.5,NoF-1273,2012,Ward,All,C,NA,3,17-Jul-12,Fish,FHM,NA,NA,NA,Guts,NA,F-1272,3.21,-38.19,-227,NoF-1274,2012,Ward,All,C,NA,3,17-Jul-12,Fish,FHM,2,50,1.2,Whole,NA,NA,3.31,-33.68,-165.6,NoF-1280,2012,Ward,All,C,NA,3,17-Jul-12,Fish,CMM,2,43,0.9,Whole,NA,NA,3.39,-33.04,-149.8,NoF-1288,2012,Ward,All,C,NA,3,17-Jul-12,Fish,BHD2,3,114,17.8,Whole,NA,NA,4.69,-31.72,-164.8,NoF-1290,2012,Ward,All,C,NA,3,17-Jul-12,Fish,BHD2,3,103,14,Whole,NA,NA,4.38,-32.19,-170.9,NoF-1292,2012,Ward,All,C,NA,3,17-Jul-12,Fish,BHD2,3,93,10.4,Whole,NA,NA,3.91,-33.35,-177,NoF-1300,2012,Ward,All,C,NA,3,18-Jul-12,Fish,DAC,2,58,1.8,Whole,NA,NA,5.33,-32.77,-186.3,NoF-1302,2012,Ward,All,C,NA,3,18-Jul-12,Fish,DAC,2,49,1.2,Whole,NA,NA,3.64,-23.98,-164.8,NoF-1312,2012,Ward,All,A,NA,3,18-Jul-12,Fish,DAC,2,46,0.8,Whole,NA,NA,2.91,-33.44,-162.5,NoF-1316,2012,Ward,All,A,NA,3,18-Jul-12,Fish,CMM,3,94,7.3,Whole,NA,NA,4.65,-32.01,-150.1,NoF-1320,2012,Ward,All,B,NA,3,18-Jul-12,Fish,FHM,2,52,1.5,Whole,NA,NA,3.93,-34.86,-160.6,NoF-1322,2012,Ward,All,B,NA,3,18-Jul-12,Fish,CMM,2,89,8,Whole,NA,NA,5.73,-30.69,-152,NoF-1328,2012,Ward,All,B,NA,3,18-Jul-12,Fish,FHM,2,82,4.8,Whole,NA,NA,2.78,-32.09,-154.3,NoF-1329,2012,Ward,All,B,NA,3,18-Jul-12,Fish,FHM,NA,NA,NA,Guts,NA,F-1328,-0.36,-35.85,-181.4,NoF-1338,2012,Ward,All,A,NA,3,18-Jul-12,Fish,YWP,2,79,5,Whole,NA,NA,6.74,-31.88,-156.2,NoF-1354,2012,Ward,All,A,NA,4,14-Aug-12,Fish,BHD2,3,148,44,Whole,NA,NA,5.92,-30.07,-142.8,NoF-1356,2012,Ward,All,A,NA,4,14-Aug-12,Fish,CMM,3,93,8.7,Whole,NA,NA,5.73,-30.34,-150.1,NoF-1358,2012,Ward,All,A,NA,4,14-Aug-12,Fish,CMM,2,49,1.4,Whole,NA,NA,1.57,-32.28,-140.6,NoF-1360,2012,Ward,All,A,NA,4,14-Aug-12,Fish,BHD1,2,48,1.8,Whole,NA,NA,4.84,-30.47,-142.8,NoF-1364,2012,Ward,All,A,NA,4,14-Aug-12,Fish,CMM,2,62,3.2,Whole,NA,NA,4.98,-30.57,-151.8,NoF-1366,2012,Ward,All,A,NA,4,14-Aug-12,Fish,BHD1,2,53,1.9,Whole,NA,NA,5.41,-31.19,-147.7,NoF-1372,2012,Ward,All,B,NA,4,14-Aug-12,Fish,DAC,2,45,0.9,Whole,NA,NA,2.8,-27.43,-148,NoF-1374,2012,Ward,All,B,NA,4,14-Aug-12,Fish,BHD1,2,52,1.8,Whole,NA,NA,5.37,-31.56,-149.1,NoF-1376,2012,Ward,All,B,NA,4,14-Aug-12,Fish,BHD2,3,130,29.7,Whole,NA,NA,5.35,-30.7,-164.9,NoF-1381,2012,Ward,All,B,NA,4,14-Aug-12,Fish,DAC,NA,NA,NA,Guts,NA,F-1380,4.17,-25.13,-279.8,NoF-1382,2012,Ward,All,C,NA,4,14-Aug-12,Fish,FHM,2,46,0.9,Whole,NA,NA,2.77,-29.63,-155.2,NoF-1384,2012,Ward,All,C,NA,4,14-Aug-12,Fish,FHM,2,51,1,Whole,NA,NA,2.53,-32.08,-147.4,NoF-1386,2012,Ward,All,C,NA,4,14-Aug-12,Fish,FHM,2,52,1.1,Whole,NA,NA,0.62,-34.5,-173.7,NoF-1388,2012,Ward,All,C,NA,4,14-Aug-12,Fish,DAC,2,48,0.8,Whole,NA,NA,4.45,-31.91,-165.5,NoF-1390,2012,Ward,All,C,NA,4,14-Aug-12,Fish,BHD1,2,52,1.7,Whole,NA,NA,6.01,-31.81,-146.8,NoF-1392,2012,Ward,All,C,NA,4,14-Aug-12,Fish,FHM,2,83,5.9,Whole,NA,NA,2.19,-34.94,-187.5,NoF-1393,2012,Ward,All,C,NA,4,14-Aug-12,Fish,FHM,NA,NA,NA,Guts,NA,F-1392,-1.95,-37.35,-237.1,NoF-1394,2012,Ward,All,C,NA,4,14-Aug-12,Fish,FHM,2,85,6,Whole,NA,NA,2.47,-34.07,-180.7,NoF-1395,2012,Ward,All,C,NA,4,14-Aug-12,Fish,FHM,NA,NA,NA,Guts,NA,F-1394,0.81,-36.05,-200.6,NoF-1400,2012,Ward,All,C,NA,4,14-Aug-12,Fish,PKS,2,41,1,Whole,NA,NA,6,-30.12,-160.4,NoF-1402,2012,Ward,All,C,NA,4,14-Aug-12,Fish,BHD1,2,49,1.5,Whole,NA,NA,5.35,-31.63,-152,NoF-1406,2012,Ward,All,C,NA,4,14-Aug-12,Fish,DAC,2,73,3.3,Whole,NA,NA,3.73,-29.29,-179.8,NoF-1416,2012,Ward,All,A,NA,4,15-Aug-12,Fish,PKS,2,60,4.1,Whole,NA,NA,4.9,-31.69,-178.3,NoF-1422,2012,Ward,All,A,NA,4,16-Aug-12,Fish,PKS,2,64,4.6,Whole,NA,NA,4.57,-31.61,-181.4,NoG-0702,2010,Ward,All,B,NA,1,26-May-10,Guts,FHM,NA,NA,NA,Guts,NA,NA,4.48,-32.14,-199.6,NoG-0714,2010,Ward,All,C,NA,1,26-May-10,Guts,FHM,NA,NA,NA,Guts,NA,NA,4.58,-34.12,-227.7,NoG-0717,2010,Ward,All,E,NA,1,26-May-10,Guts,FHM,NA,NA,NA,Guts,NA,NA,4.32,-29.92,-216,NoG-0761,2010,Ward,All,E,NA,2,24-Jun-10,Guts,FHM,NA,NA,NA,Guts,NA,NA,4.14,-30.6,-190.4,NoG-0801,2010,Ward,All,D,NA,4,18-Aug-10,Guts,YWP,NA,NA,NA,Guts,NA,NA,3.1,-30.24,-218.6,No